<?xml version="1.0" encoding="utf-8"?>
<extension version="2.5" type="plugin" group="editors-xtd" method="upgrade">	
    <name>Pandoc</name>		
    <version>2.0.0</version>	
    <creationDate>27/04/2015</creationDate>
    <author>Paulo de Tarço</author>
    <authorEmail>ptarcode@gmail.com</authorEmail>
    <authorUrl>ptarcode.github.io</authorUrl>
    <copyright>Copyright (C) 2015 ptarcode.github.io All Rights Reserved.</copyright>
    <license>GNU/GPL v2 or later http://www.gnu.org/licenses/gpl-2.0.html</license>
    <description>Show pandoc editor to edit latex.</description>
    <files>
	<filename plugin="pandoc">pandoc.php</filename>
	<filename plugin="pandoc">redirect_pandoc.php</filename>
	<filename>index.html</filename>
    </files>
    <config />
</extension>
